filename,train error,top-1 error,top-5 error,mutual information,sample entropy,experts usage
cifar100_single_model_0,0.4047592282295227,0.47119140625,0.18466796875000002,
cifar100_single_model_1,0.4057278633117676,0.47578126192092896,0.18496093749999998,
cifar100_single_model_2,0.3977918028831482,0.466796875,0.17646484375000004,
cifar100_single_model_3,0.4003866910934448,0.4703124761581421,0.17431640625,
cifar100_single_model_4,0.402917742729187,0.4561523199081421,0.17412109374999996,
cifar100_without_reg_100_20_models.pt,0.4004583954811096,0.45976561307907104,0.17324218749999998,0.9405102729797363,0.2899141788482666,0.9981498122215271
cifar100_without_reg_100_20_models.pt,0.4259645938873291,0.48134762048721313,0.18730468749999996,1.5103759765625,0.6277996063232422,1.7689845561981201
cifar100_without_reg_100_20_models.pt,0.42431843280792236,0.48388671875,0.18730468749999996,0.7164649963378906,0.39123265743255614,1.1748453378677368
cifar100_without_reg_100_20_models.pt,0.39760440587997437,0.46025389432907104,0.17265624999999996,0.9606838226318359,0.30630490779876707,1.1028811931610107
cifar100_without_reg_100_20_models.pt,0.41294246912002563,0.46660155057907104,0.17958984374999998,0.823448657989502,0.43091373443603515,0.9739508628845215
cifar100_with_reg_importance_0.2_100_20_models.pt,0.4107063412666321,0.48066407442092896,0.19208984375000004,4.188347816467285,1.3632126808166505,3.8370180130004883
cifar100_with_reg_importance_0.2_100_20_models.pt,0.4082828760147095,0.48330074548721313,0.18769531250000004,4.172468185424805,1.3083797454833985,4.037834644317627
cifar100_with_reg_importance_0.2_100_20_models.pt,0.4116191267967224,0.48476558923721313,0.18203124999999998,4.145962715148926,1.313673210144043,3.887887477874756
cifar100_with_reg_importance_0.2_100_20_models.pt,0.4204599857330322,0.48193359375,0.19072265624999996,4.145415782928467,1.3902952194213867,4.022093296051025
cifar100_with_reg_importance_0.2_100_20_models.pt,0.4110570549964905,0.4833984375,0.18173828125000002,4.206386089324951,1.3960522651672362,3.769244432449341
cifar100_with_reg_importance_0.4_100_20_models.pt,0.422086238861084,0.49365234375,0.19765624999999998,4.198564052581787,1.5290143966674805,3.9736528396606445
cifar100_with_reg_importance_0.4_100_20_models.pt,0.43704962730407715,0.506152331829071,0.20322265625000002,4.168266773223877,1.5422602653503419,3.7202672958374023
cifar100_with_reg_importance_0.4_100_20_models.pt,0.4102439880371094,0.48525387048721313,0.19355468750000004,4.223721504211426,1.3818929672241211,4.057452201843262
cifar100_with_reg_importance_0.4_100_20_models.pt,0.42295122146606445,0.5044921636581421,0.20576171875000004,4.185324668884277,1.346969985961914,3.8549885749816895
cifar100_with_reg_importance_0.4_100_20_models.pt,0.41847896575927734,0.48378902673721313,0.19169921874999996,4.189847946166992,1.4961519241333008,3.83774995803833
cifar100_with_reg_importance_0.6_100_20_models.pt,0.4233059883117676,0.48955076932907104,0.19921875,4.227491855621338,1.5191872596740723,4.051352024078369
cifar100_with_reg_importance_0.6_100_20_models.pt,0.43413984775543213,0.5030273199081421,0.19912109374999998,4.202334880828857,1.556699848175049,4.092713832855225
cifar100_with_reg_importance_0.6_100_20_models.pt,0.43193960189819336,0.4912109375,0.19941406250000004,4.2329792976379395,1.5386668205261231,3.970541477203369
cifar100_with_reg_importance_0.6_100_20_models.pt,0.43410396575927734,0.49589842557907104,0.19277343749999998,4.193958759307861,1.4950404167175293,4.082947254180908
cifar100_with_reg_importance_0.6_100_20_models.pt,0.413659930229187,0.4844726324081421,0.19296875000000002,4.2370100021362305,1.461534595489502,3.961688995361328
cifar100_with_reg_importance_0.8_100_20_models.pt,0.42141664028167725,0.4976562261581421,0.20449218749999998,4.231296539306641,1.5982558250427246,4.113652229309082
cifar100_with_reg_importance_0.8_100_20_models.pt,0.43708544969558716,0.4927734136581421,0.20126953125000002,4.18993616104126,1.6638397216796874,3.910358428955078
cifar100_with_reg_importance_0.8_100_20_models.pt,0.41844308376312256,0.4874023199081421,0.19648437500000004,4.245959758758545,1.5767269134521484,3.9432902336120605
cifar100_with_reg_importance_0.8_100_20_models.pt,0.41125237941741943,0.4917968511581421,0.19316406249999996,4.2143378257751465,1.4332115173339843,3.950191020965576
cifar100_with_reg_importance_0.8_100_20_models.pt,0.4323262572288513,0.49873048067092896,0.20761718750000002,4.199647903442383,1.4807558059692383,3.9401676654815674
cifar100_with_reg_importance_1.0_100_20_models.pt,0.42632734775543213,0.48857420682907104,0.20175781250000002,4.224124431610107,1.6298519134521485,4.091170310974121
cifar100_with_reg_importance_1.0_100_20_models.pt,0.4213448762893677,0.4908202886581421,0.19873046875,4.244826316833496,1.5830591201782227,4.021322250366211
cifar100_with_reg_importance_1.0_100_20_models.pt,0.4274035692214966,0.49931639432907104,0.19716796874999998,4.166068077087402,1.5446134567260743,4.151200294494629
cifar100_with_reg_importance_1.0_100_20_models.pt,0.42504388093948364,0.49160152673721313,0.20185546875000004,4.241461753845215,1.5598212242126466,4.012284278869629
cifar100_with_reg_importance_1.0_100_20_models.pt,0.441788911819458,0.5035156011581421,0.20244140624999996,4.167369842529297,1.7252281188964844,3.9592947959899902
cifar100_with_reg_sample_sim_same_1e-05_sample_sim_diff_1e-07_100_20_models.pt,0.41072624921798706,0.47939449548721313,0.18720703125000004,2.0172200202941895,0.6403536796569824,2.0881381034851074
cifar100_with_reg_sample_sim_same_1e-05_sample_sim_diff_1e-07_100_20_models.pt,0.4344467520713806,0.4957031011581421,0.205078125,1.7777175903320312,0.7288382053375244,1.9697781801223755
cifar100_with_reg_sample_sim_same_1e-05_sample_sim_diff_1e-07_100_20_models.pt,0.42298710346221924,0.47939449548721313,0.18574218750000004,0.6616802215576172,0.41997365951538085,0.981773853302002
cifar100_with_reg_sample_sim_same_1e-05_sample_sim_diff_1e-07_100_20_models.pt,0.4221978783607483,0.47685545682907104,0.19599609375000004,1.817840576171875,0.6485367298126221,2.094235420227051
cifar100_with_reg_sample_sim_same_1e-05_sample_sim_diff_1e-07_100_20_models.pt,0.40206873416900635,0.45791012048721313,0.17265624999999996,0.6094369888305664,0.14619990587234497,0.41133370995521545
cifar100_with_reg_sample_sim_same_1e-05_sample_sim_diff_1e-06_100_20_models.pt,0.43129783868789673,0.49052733182907104,0.19853515624999996,1.7121977806091309,0.6444991588592529,1.6886556148529053
cifar100_with_reg_sample_sim_same_1e-05_sample_sim_diff_1e-06_100_20_models.pt,0.39272958040237427,0.45693355798721313,0.17373046874999998,1.4190115928649902,0.38310606479644777,1.3774752616882324
cifar100_with_reg_sample_sim_same_1e-05_sample_sim_diff_1e-06_100_20_models.pt,0.411344051361084,0.4786132574081421,0.17919921875,0.979069709777832,0.44921445846557617,1.3516937494277954
cifar100_with_reg_sample_sim_same_1e-05_sample_sim_diff_1e-06_100_20_models.pt,0.4029097557067871,0.47626954317092896,0.17958984374999998,1.3703932762145996,0.49211955070495605,1.5813003778457642
cifar100_with_reg_sample_sim_same_1e-05_sample_sim_diff_1e-06_100_20_models.pt,0.4252551198005676,0.4833984375,0.18417968750000002,0.6708450317382812,0.4134758472442627,0.9747726321220398
cifar100_with_reg_sample_sim_same_1e-05_sample_sim_diff_1e-05_100_20_models.pt,0.411324143409729,0.46328121423721313,0.1806640625,0.6792097091674805,0.33393054008483886,0.6929975152015686
cifar100_with_reg_sample_sim_same_1e-05_sample_sim_diff_1e-05_100_20_models.pt,0.41723138093948364,0.4859374761581421,0.19306640625000004,1.6666254997253418,0.6414828300476074,1.8179823160171509
cifar100_with_reg_sample_sim_same_1e-05_sample_sim_diff_1e-05_100_20_models.pt,0.3974171280860901,0.46748048067092896,0.17666015624999998,0.7382535934448242,0.22775585651397706,0.6832491159439087
cifar100_with_reg_sample_sim_same_1e-05_sample_sim_diff_1e-05_100_20_models.pt,0.4045719504356384,0.46533203125,0.1767578125,1.0373239517211914,0.3036249399185181,0.9371894598007202
cifar100_with_reg_sample_sim_same_1e-05_sample_sim_diff_1e-05_100_20_models.pt,0.41354435682296753,0.48603516817092896,0.18779296874999996,2.036619186401367,0.624684190750122,2.1583292484283447
cifar100_with_reg_sample_sim_same_1e-05_sample_sim_diff_0.0001_100_20_models.pt,0.40764111280441284,0.46621090173721313,0.17998046874999996,0.6089129447937012,0.2250145196914673,0.6181694269180298
cifar100_with_reg_sample_sim_same_1e-05_sample_sim_diff_0.0001_100_20_models.pt,0.40621012449264526,0.47578126192092896,0.17656249999999996,1.3252668380737305,0.3727099418640137,1.3721857070922852
cifar100_with_reg_sample_sim_same_1e-05_sample_sim_diff_0.0001_100_20_models.pt,0.4190050959587097,0.47890621423721313,0.18212890625,0.7466521263122559,0.3899005651473999,0.9797958731651306
cifar100_with_reg_sample_sim_same_1e-05_sample_sim_diff_0.0001_100_20_models.pt,0.3974529504776001,0.45849609375,0.17314453124999996,0.8706784248352051,0.3292609691619873,1.0688846111297607
cifar100_with_reg_sample_sim_same_1e-05_sample_sim_diff_0.0001_100_20_models.pt,0.39536434412002563,0.45585936307907104,0.17431640625,0.42415666580200195,0.22839686870574952,0.6095678806304932
cifar100_with_reg_sample_sim_same_1e-05_sample_sim_diff_0.001_100_20_models.pt,0.40409761667251587,0.4659179449081421,0.18886718749999998,1.4284324645996094,0.47451467514038087,1.7338504791259766
cifar100_with_reg_sample_sim_same_1e-05_sample_sim_diff_0.001_100_20_models.pt,0.41737884283065796,0.4668945074081421,0.17861328124999998,1.0162405967712402,0.36984872817993164,1.1163288354873657
cifar100_with_reg_sample_sim_same_1e-05_sample_sim_diff_0.001_100_20_models.pt,0.4314572811126709,0.48964840173721313,0.19541015625000002,1.3763298988342285,0.5219869136810302,1.441475749015808
cifar100_with_reg_sample_sim_same_1e-05_sample_sim_diff_0.001_100_20_models.pt,0.4134845733642578,0.46210938692092896,0.17695312500000004,0.642094612121582,0.25977320671081544,0.8117066025733948
cifar100_with_reg_sample_sim_same_1e-05_sample_sim_diff_0.001_100_20_models.pt,0.41151946783065796,0.4795898199081421,0.19384765625,2.503114700317383,0.9414715766906738,2.7078919410705566
cifar100_with_reg_sample_sim_same_1e-05_sample_sim_diff_0.01_100_20_models.pt,0.40015947818756104,0.45683592557907104,0.17451171875000004,0.5892157554626465,0.1707748532295227,0.7722523808479309
cifar100_with_reg_sample_sim_same_1e-05_sample_sim_diff_0.01_100_20_models.pt,0.4148118495941162,0.47431641817092896,0.18632812499999996,1.3698525428771973,0.48645787239074706,1.7821214199066162
cifar100_with_reg_sample_sim_same_1e-05_sample_sim_diff_0.01_100_20_models.pt,0.42038828134536743,0.48701173067092896,0.18056640624999998,1.1349987983703613,0.5357297420501709,1.341962218284607
cifar100_with_reg_sample_sim_same_1e-05_sample_sim_diff_0.01_100_20_models.pt,0.40173786878585815,0.45351558923721313,0.17412109374999996,0.553555965423584,0.1487787127494812,0.7720206379890442
cifar100_with_reg_sample_sim_same_1e-05_sample_sim_diff_0.01_100_20_models.pt,0.4042888879776001,0.4556640386581421,0.17275390624999998,0.37544727325439453,0.08131571412086487,0.46234428882598877
cifar100_with_reg_sample_sim_same_1e-05_sample_sim_diff_0.1_100_20_models.pt,0.43541133403778076,0.48916012048721313,0.20068359375,1.4402871131896973,0.6032682418823242,1.5348260402679443
cifar100_with_reg_sample_sim_same_1e-05_sample_sim_diff_0.1_100_20_models.pt,0.430835485458374,0.4893554449081421,0.19785156250000002,1.2214288711547852,0.4687182903289795,1.458579182624817
cifar100_with_reg_sample_sim_same_1e-05_sample_sim_diff_0.1_100_20_models.pt,0.410311758518219,0.47011715173721313,0.17626953125,0.5794835090637207,0.22275049686431886,0.7437757253646851
cifar100_with_reg_sample_sim_same_1e-05_sample_sim_diff_0.1_100_20_models.pt,0.412492036819458,0.4664062261581421,0.17978515625000002,1.1111788749694824,0.3781265735626221,1.211206316947937
cifar100_with_reg_sample_sim_same_1e-05_sample_sim_diff_0.1_100_20_models.pt,0.4191286563873291,0.4786132574081421,0.18837890624999998,1.278210163116455,0.45070953369140626,1.3109327554702759
cifar100_with_reg_sample_sim_same_0.0001_sample_sim_diff_1e-07_100_20_models.pt,0.42518335580825806,0.48701173067092896,0.19833984375000002,2.0686702728271484,0.7731575012207031,2.135540008544922
cifar100_with_reg_sample_sim_same_0.0001_sample_sim_diff_1e-07_100_20_models.pt,0.4298110604286194,0.4961913824081421,0.20849609375,2.6697874069213867,0.9331694602966308,2.6629858016967773
cifar100_with_reg_sample_sim_same_0.0001_sample_sim_diff_1e-07_100_20_models.pt,0.40555644035339355,0.4786132574081421,0.18837890624999998,2.6534571647644043,0.7654752731323242,2.3555729389190674
cifar100_with_reg_sample_sim_same_0.0001_sample_sim_diff_1e-07_100_20_models.pt,0.41715162992477417,0.49462890625,0.19296875000000002,2.475289821624756,0.7400046348571777,2.5279853343963623
cifar100_with_reg_sample_sim_same_0.0001_sample_sim_diff_1e-07_100_20_models.pt,0.41752636432647705,0.49560546875,0.19980468750000002,2.451234817504883,0.7990849018096924,2.499871015548706
cifar100_with_reg_sample_sim_same_0.0001_sample_sim_diff_1e-06_100_20_models.pt,0.4114795923233032,0.47255855798721313,0.18486328124999996,1.4877376556396484,0.4676051616668701,1.4775341749191284
cifar100_with_reg_sample_sim_same_0.0001_sample_sim_diff_1e-06_100_20_models.pt,0.4261559844017029,0.4912109375,0.19736328125000002,2.2473411560058594,0.8685344696044922,2.4427363872528076
cifar100_with_reg_sample_sim_same_0.0001_sample_sim_diff_1e-06_100_20_models.pt,0.41235649585723877,0.4756835699081421,0.18720703125000004,1.7108306884765625,0.6030699729919433,1.9794598817825317
cifar100_with_reg_sample_sim_same_0.0001_sample_sim_diff_1e-06_100_20_models.pt,0.4178451895713806,0.48388671875,0.18935546874999998,1.9886255264282227,0.7281945705413818,2.3025712966918945
cifar100_with_reg_sample_sim_same_0.0001_sample_sim_diff_1e-06_100_20_models.pt,0.4077925682067871,0.47871094942092896,0.19013671875000004,2.1290478706359863,0.7590175628662109,2.3847334384918213
cifar100_with_reg_sample_sim_same_0.0001_sample_sim_diff_1e-05_100_20_models.pt,0.43959659337997437,0.5065429210662842,0.20683593749999996,2.0102620124816895,0.752938985824585,2.1637203693389893
cifar100_with_reg_sample_sim_same_0.0001_sample_sim_diff_1e-05_100_20_models.pt,0.39273756742477417,0.47207027673721313,0.18564453125000002,2.5731821060180664,0.7962238311767578,2.497436285018921
cifar100_with_reg_sample_sim_same_0.0001_sample_sim_diff_1e-05_100_20_models.pt,0.4164580702781677,0.47548824548721313,0.18203124999999998,1.299936294555664,0.44820575714111327,1.175140619277954
cifar100_with_reg_sample_sim_same_0.0001_sample_sim_diff_1e-05_100_20_models.pt,0.415824294090271,0.4825195074081421,0.19052734375000002,1.676386833190918,0.6618311405181885,1.7977393865585327
cifar100_with_reg_sample_sim_same_0.0001_sample_sim_diff_1e-05_100_20_models.pt,0.39919883012771606,0.47792965173721313,0.18740234374999998,2.8537120819091797,0.82044677734375,2.8068156242370605
cifar100_with_reg_sample_sim_same_0.0001_sample_sim_diff_0.0001_100_20_models.pt,0.41015625,0.47441405057907104,0.18710937500000002,2.1538848876953125,0.7368277549743653,2.234686851501465
cifar100_with_reg_sample_sim_same_0.0001_sample_sim_diff_0.0001_100_20_models.pt,0.4135482907295227,0.49257808923721313,0.20595703124999998,2.724106788635254,0.9153166770935058,2.9900364875793457
cifar100_with_reg_sample_sim_same_0.0001_sample_sim_diff_0.0001_100_20_models.pt,0.41631853580474854,0.48564451932907104,0.19091796875,2.1104788780212402,0.8017434120178223,2.2818546295166016
cifar100_with_reg_sample_sim_same_0.0001_sample_sim_diff_0.0001_100_20_models.pt,0.4243861436843872,0.49775391817092896,0.20537109374999996,2.092191219329834,0.7511033058166504,2.1838254928588867
cifar100_with_reg_sample_sim_same_0.0001_sample_sim_diff_0.0001_100_20_models.pt,0.4174466133117676,0.47548824548721313,0.18583984374999996,1.5762577056884766,0.5872050285339355,1.715061902999878
cifar100_with_reg_sample_sim_same_0.0001_sample_sim_diff_0.001_100_20_models.pt,0.41385525465011597,0.47939449548721313,0.18701171875,2.7611160278320312,0.845344352722168,2.837252140045166
cifar100_with_reg_sample_sim_same_0.0001_sample_sim_diff_0.001_100_20_models.pt,0.41717952489852905,0.49492186307907104,0.19902343749999996,2.200355052947998,0.8439831733703613,2.6035537719726562
cifar100_with_reg_sample_sim_same_0.0001_sample_sim_diff_0.001_100_20_models.pt,0.420093297958374,0.48574215173721313,0.19492187500000002,2.056899070739746,0.5889857769012451,2.0018558502197266
cifar100_with_reg_sample_sim_same_0.0001_sample_sim_diff_0.001_100_20_models.pt,0.3987005949020386,0.47890621423721313,0.19580078125,2.7186079025268555,0.8060431480407715,2.5816431045532227
cifar100_with_reg_sample_sim_same_0.0001_sample_sim_diff_0.001_100_20_models.pt,0.4059430956840515,0.48828125,0.18974609374999996,2.735929012298584,0.8466212272644043,2.8562607765197754
cifar100_with_reg_sample_sim_same_0.0001_sample_sim_diff_0.01_100_20_models.pt,0.40859776735305786,0.47685545682907104,0.18378906250000004,2.536006450653076,0.7710982322692871,2.4758901596069336
cifar100_with_reg_sample_sim_same_0.0001_sample_sim_diff_0.01_100_20_models.pt,0.41171878576278687,0.48164063692092896,0.18896484375,2.3591346740722656,0.7487672328948974,2.4351916313171387
cifar100_with_reg_sample_sim_same_0.0001_sample_sim_diff_0.01_100_20_models.pt,0.4245176911354065,0.48916012048721313,0.20341796874999996,2.2338151931762695,0.9113602638244629,2.639193534851074
cifar100_with_reg_sample_sim_same_0.0001_sample_sim_diff_0.01_100_20_models.pt,0.4232980012893677,0.49111324548721313,0.1982421875,1.7892584800720215,0.6943776607513428,2.06196665763855
cifar100_with_reg_sample_sim_same_0.0001_sample_sim_diff_0.01_100_20_models.pt,0.4050900936126709,0.46669918298721313,0.18085937500000004,1.3513684272766113,0.4805323123931885,1.875458836555481
cifar100_with_reg_sample_sim_same_0.0001_sample_sim_diff_0.1_100_20_models.pt,0.4243144392967224,0.4903320074081421,0.20166015625,2.0690650939941406,0.7154512405395508,2.040555000305176
cifar100_with_reg_sample_sim_same_0.0001_sample_sim_diff_0.1_100_20_models.pt,0.4277064800262451,0.49677735567092896,0.19091796875,2.7839035987854004,0.8935377120971679,2.7972347736358643
cifar100_with_reg_sample_sim_same_0.0001_sample_sim_diff_0.1_100_20_models.pt,0.416206955909729,0.47646480798721313,0.18291015624999996,0.9783272743225098,0.39974007606506345,0.8796189427375793
cifar100_with_reg_sample_sim_same_0.0001_sample_sim_diff_0.1_100_20_models.pt,0.4151148200035095,0.49267578125,0.20205078124999998,1.9773492813110352,0.760044002532959,2.263704538345337
cifar100_with_reg_sample_sim_same_0.0001_sample_sim_diff_0.1_100_20_models.pt,0.41487962007522583,0.48134762048721313,0.19501953125000004,2.3597960472106934,0.8473876953125,2.3696670532226562
cifar100_with_reg_sample_sim_same_0.001_sample_sim_diff_1e-07_100_20_models.pt,0.41056281328201294,0.4917968511581421,0.20009765624999998,4.013683795928955,1.24660062789917,4.0542521476745605
cifar100_with_reg_sample_sim_same_0.001_sample_sim_diff_1e-07_100_20_models.pt,0.4153619408607483,0.48808592557907104,0.19267578124999996,3.955228328704834,1.243428611755371,3.2312819957733154
cifar100_with_reg_sample_sim_same_0.001_sample_sim_diff_1e-07_100_20_models.pt,0.4130859375,0.4825195074081421,0.20087890625000004,3.9041366577148438,1.2538007736206054,3.63151216506958
cifar100_with_reg_sample_sim_same_0.001_sample_sim_diff_1e-07_100_20_models.pt,0.4070512056350708,0.48173826932907104,0.19140625,3.8319430351257324,1.2426874160766601,3.8805668354034424
cifar100_with_reg_sample_sim_same_0.001_sample_sim_diff_1e-07_100_20_models.pt,0.4022480845451355,0.4825195074081421,0.19355468750000004,3.9848012924194336,1.1746674537658692,3.726111650466919
cifar100_with_reg_sample_sim_same_0.001_sample_sim_diff_1e-06_100_20_models.pt,0.40470343828201294,0.48310548067092896,0.193359375,3.9753284454345703,1.2327220916748047,3.7411017417907715
cifar100_with_reg_sample_sim_same_0.001_sample_sim_diff_1e-06_100_20_models.pt,0.4323022961616516,0.4957031011581421,0.19492187500000002,3.983558177947998,1.1962894439697265,3.8737001419067383
cifar100_with_reg_sample_sim_same_0.001_sample_sim_diff_1e-06_100_20_models.pt,0.4275311231613159,0.48320311307907104,0.19677734375,3.6163644790649414,1.1690471649169922,3.6886730194091797
cifar100_with_reg_sample_sim_same_0.001_sample_sim_diff_1e-06_100_20_models.pt,0.41845107078552246,0.4947265386581421,0.201171875,4.045111179351807,1.3801884651184082,3.974768877029419
cifar100_with_reg_sample_sim_same_0.001_sample_sim_diff_1e-06_100_20_models.pt,0.42618781328201294,0.5033203363418579,0.2080078125,3.845606803894043,1.326209831237793,3.7763073444366455
cifar100_with_reg_sample_sim_same_0.001_sample_sim_diff_1e-05_100_20_models.pt,0.4020567536354065,0.47988277673721313,0.19150390625000002,3.972893714904785,1.1361525535583497,3.633225917816162
cifar100_with_reg_sample_sim_same_0.001_sample_sim_diff_1e-05_100_20_models.pt,0.3992666006088257,0.48583984375,0.19707031249999996,3.910017490386963,1.2521336555480957,3.583817481994629
cifar100_with_reg_sample_sim_same_0.001_sample_sim_diff_1e-05_100_20_models.pt,0.4076650142669678,0.47724610567092896,0.18427734375000004,4.132998466491699,1.217214012145996,3.8005709648132324
cifar100_with_reg_sample_sim_same_0.001_sample_sim_diff_1e-05_100_20_models.pt,0.41055089235305786,0.490234375,0.19746093750000004,3.8459877967834473,1.328293228149414,3.9037742614746094
cifar100_with_reg_sample_sim_same_0.001_sample_sim_diff_1e-05_100_20_models.pt,0.40893256664276123,0.4795898199081421,0.18417968750000002,4.114894390106201,1.2194695472717285,3.71323561668396
cifar100_with_reg_sample_sim_same_0.001_sample_sim_diff_0.0001_100_20_models.pt,0.4179568290710449,0.49296873807907104,0.19785156250000002,4.005023956298828,1.362944984436035,3.8250086307525635
cifar100_with_reg_sample_sim_same_0.001_sample_sim_diff_0.0001_100_20_models.pt,0.4241669178009033,0.49003905057907104,0.19287109375,3.971848487854004,1.1965649604797364,3.71195125579834
cifar100_with_reg_sample_sim_same_0.001_sample_sim_diff_0.0001_100_20_models.pt,0.42092233896255493,0.49335938692092896,0.20751953125,3.8365955352783203,1.3492204666137695,3.809293031692505
cifar100_with_reg_sample_sim_same_0.001_sample_sim_diff_0.0001_100_20_models.pt,0.4151188135147095,0.4878906011581421,0.19511718749999996,4.017367362976074,1.31416597366333,3.795541763305664
cifar100_with_reg_sample_sim_same_0.001_sample_sim_diff_0.0001_100_20_models.pt,0.4096500277519226,0.4922851324081421,0.19218749999999996,3.9399070739746094,1.221718692779541,3.7802224159240723
cifar100_with_reg_sample_sim_same_0.001_sample_sim_diff_0.001_100_20_models.pt,0.41372770071029663,0.48388671875,0.19160156250000004,3.927340507507324,1.1955119132995606,3.8837623596191406
cifar100_with_reg_sample_sim_same_0.001_sample_sim_diff_0.001_100_20_models.pt,0.41048312187194824,0.48193359375,0.18603515625,3.944455623626709,1.1913683891296387,3.7927894592285156
cifar100_with_reg_sample_sim_same_0.001_sample_sim_diff_0.001_100_20_models.pt,0.40191328525543213,0.48066407442092896,0.19033203124999998,4.12988805770874,1.273514747619629,3.864654541015625
cifar100_with_reg_sample_sim_same_0.001_sample_sim_diff_0.001_100_20_models.pt,0.412511944770813,0.4859374761581421,0.19072265624999996,3.9992504119873047,1.150815773010254,3.8662712574005127
cifar100_with_reg_sample_sim_same_0.001_sample_sim_diff_0.001_100_20_models.pt,0.42351722717285156,0.4839843511581421,0.19785156250000002,3.8661627769470215,1.307335662841797,3.758016347885132
cifar100_with_reg_sample_sim_same_0.001_sample_sim_diff_0.01_100_20_models.pt,0.4106943607330322,0.48867183923721313,0.1943359375,3.9673256874084473,1.1767885208129882,3.3568849563598633
cifar100_with_reg_sample_sim_same_0.001_sample_sim_diff_0.01_100_20_models.pt,0.4257732629776001,0.49677735567092896,0.205078125,3.8781867027282715,1.2644762992858887,3.8865175247192383
cifar100_with_reg_sample_sim_same_0.001_sample_sim_diff_0.01_100_20_models.pt,0.4025111794471741,0.4794921875,0.18808593750000002,4.03202486038208,1.1600996017456056,3.7295472621917725
cifar100_with_reg_sample_sim_same_0.001_sample_sim_diff_0.01_100_20_models.pt,0.4028061032295227,0.47626954317092896,0.18779296874999996,3.8318653106689453,1.2480019569396972,3.7259883880615234
cifar100_with_reg_sample_sim_same_0.001_sample_sim_diff_0.01_100_20_models.pt,0.4161551594734192,0.4815429449081421,0.18623046875000004,3.972717761993408,1.2916983604431151,3.798731803894043
cifar100_with_reg_sample_sim_same_0.001_sample_sim_diff_0.1_100_20_models.pt,0.4244897961616516,0.49980467557907104,0.19990234375000004,3.911252975463867,1.3162120819091796,3.5637052059173584
cifar100_with_reg_sample_sim_same_0.001_sample_sim_diff_0.1_100_20_models.pt,0.41945552825927734,0.5015624761581421,0.19775390625,3.8750829696655273,1.2442682266235352,3.5884318351745605
cifar100_with_reg_sample_sim_same_0.001_sample_sim_diff_0.1_100_20_models.pt,0.4027184844017029,0.47236329317092896,0.17841796875000004,4.042957782745361,1.0685272216796875,3.691704273223877
cifar100_with_reg_sample_sim_same_0.001_sample_sim_diff_0.1_100_20_models.pt,0.4187180995941162,0.49697262048721313,0.19873046875,3.7343764305114746,1.2188470840454102,3.689307689666748
cifar100_with_reg_sample_sim_same_0.001_sample_sim_diff_0.1_100_20_models.pt,0.4250797629356384,0.49589842557907104,0.19492187500000002,4.017714500427246,1.3244968414306642,3.8476314544677734
cifar100_with_attention_100_20_models.pt,0.27705276012420654,0.462890625,0.19296875000000002,1.8767948150634766,0.6002603054046631,1.9124089479446411
cifar100_with_attention_100_20_models.pt,0.2668008804321289,0.46464842557907104,0.18857421875000002,1.9509644508361816,0.595980453491211,2.044659376144409
cifar100_with_attention_100_20_models.pt,0.2744738459587097,0.4615234136581421,0.18876953124999996,1.9503064155578613,0.539253568649292,2.593486785888672
cifar100_with_attention_100_20_models.pt,0.2826889157295227,0.4658203125,0.18837890624999998,1.424795150756836,0.3898080587387085,1.3356326818466187
cifar100_with_attention_100_20_models.pt,0.254081666469574,0.45087891817092896,0.18037109375000004,1.79417085647583,0.4678988456726074,2.3101789951324463
cifar100_with_attn_reg_importance_0.2_100_20_models.pt,0.2720145583152771,0.44960933923721313,0.18886718749999998,3.5607709884643555,1.1395431518554688,3.7036900520324707
cifar100_with_attn_reg_importance_0.2_100_20_models.pt,0.2612524628639221,0.44580078125,0.18017578125,3.6895604133605957,1.0283676147460938,3.749220848083496
cifar100_with_attn_reg_importance_0.2_100_20_models.pt,0.2611088752746582,0.439453125,0.18681640624999996,3.5731964111328125,1.0231986045837402,3.963253974914551
cifar100_with_attn_reg_importance_0.2_100_20_models.pt,0.25412946939468384,0.43681639432907104,0.1796875,3.6900906562805176,1.0237795829772949,3.7220618724823
cifar100_with_attn_reg_importance_0.2_100_20_models.pt,0.2558075189590454,0.4424804449081421,0.17783203125000002,3.532383918762207,1.091330623626709,4.006694316864014
cifar100_with_attn_reg_importance_0.4_100_20_models.pt,0.2655174136161804,0.4493163824081421,0.19326171874999998,3.66005802154541,1.005985164642334,3.8743202686309814
cifar100_with_attn_reg_importance_0.4_100_20_models.pt,0.2615633010864258,0.45546871423721313,0.18349609374999998,3.628721237182617,1.0785629272460937,3.7288289070129395
cifar100_with_attn_reg_importance_0.4_100_20_models.pt,0.2736368179321289,0.44746094942092896,0.19140625,3.600377082824707,1.0459309577941895,3.6220703125
cifar100_with_attn_reg_importance_0.4_100_20_models.pt,0.26857858896255493,0.45156246423721313,0.18173828125000002,3.7029786109924316,1.0330212593078614,3.666013240814209
cifar100_with_attn_reg_importance_0.4_100_20_models.pt,0.26299428939819336,0.4462890625,0.18388671874999996,3.694243907928467,1.1149334907531738,3.9042556285858154
cifar100_with_attn_reg_importance_0.6_100_20_models.pt,0.27868300676345825,0.4541015625,0.1875,3.63222599029541,1.1801385879516602,3.9091415405273438
cifar100_with_attn_reg_importance_0.6_100_20_models.pt,0.27872687578201294,0.4488281011581421,0.19492187500000002,3.613495349884033,1.1662224769592284,3.937211275100708
cifar100_with_attn_reg_importance_0.6_100_20_models.pt,0.2794961929321289,0.44863277673721313,0.19121093749999996,3.722792148590088,1.2073299407958984,3.6485469341278076
cifar100_with_attn_reg_importance_0.6_100_20_models.pt,0.2692244052886963,0.44990235567092896,0.18964843750000004,3.639974594116211,1.1304074287414552,4.04378604888916
cifar100_with_attn_reg_importance_0.6_100_20_models.pt,0.26645809412002563,0.4453125,0.18759765625000002,3.6492481231689453,1.0578621864318847,3.8228514194488525
cifar100_with_attn_reg_importance_0.8_100_20_models.pt,0.2710299491882324,0.43798828125,0.17861328124999998,3.8025989532470703,1.1625845909118653,3.9380791187286377
cifar100_with_attn_reg_importance_0.8_100_20_models.pt,0.278148889541626,0.4439452886581421,0.19130859374999998,3.712625026702881,1.1711499214172363,4.0965142250061035
cifar100_with_attn_reg_importance_0.8_100_20_models.pt,0.28048068284988403,0.45332032442092896,0.20234375000000004,3.587589740753174,1.1701226234436035,4.1616530418396
cifar100_with_attn_reg_importance_0.8_100_20_models.pt,0.273820161819458,0.45234376192092896,0.19013671875000004,3.602564811706543,1.1749420166015625,3.9992332458496094
cifar100_with_attn_reg_importance_0.8_100_20_models.pt,0.28473377227783203,0.43593746423721313,0.19160156250000004,3.6773014068603516,1.183743381500244,4.0328826904296875
cifar100_with_attn_reg_importance_1.0_100_20_models.pt,0.2661471366882324,0.43994140625,0.18583984374999996,3.6670875549316406,1.0187535285949707,3.7976605892181396
cifar100_with_attn_reg_importance_1.0_100_20_models.pt,0.27399158477783203,0.44990235567092896,0.18808593750000002,3.6802821159362793,1.0991081237792968,3.8939337730407715
cifar100_with_attn_reg_importance_1.0_100_20_models.pt,0.26738280057907104,0.44218748807907104,0.18623046875000004,3.6415767669677734,1.0961927413940429,3.3057429790496826
cifar100_with_attn_reg_importance_1.0_100_20_models.pt,0.28116631507873535,0.4488281011581421,0.1875,3.716609001159668,1.1827684402465821,3.8744688034057617
cifar100_with_attn_reg_importance_1.0_100_20_models.pt,0.2849210500717163,0.458984375,0.19443359375000002,3.613407611846924,1.2614815711975098,3.9690515995025635
cifar100_with_attn_reg_sample_sim_same_1e-05_sample_sim_diff_1e-07_100_20_models.pt,0.2723054885864258,0.46357423067092896,0.185546875,1.462357997894287,0.43974876403808594,1.8384475708007812
cifar100_with_attn_reg_sample_sim_same_1e-05_sample_sim_diff_1e-07_100_20_models.pt,0.2768455147743225,0.4619140625,0.18593749999999998,1.9615001678466797,0.7214143753051758,2.2363452911376953
cifar100_with_attn_reg_sample_sim_same_1e-05_sample_sim_diff_1e-07_100_20_models.pt,0.2666454315185547,0.46503907442092896,0.19785156250000002,2.2505574226379395,0.6251784801483155,1.9870964288711548
cifar100_with_attn_reg_sample_sim_same_1e-05_sample_sim_diff_1e-07_100_20_models.pt,0.45074939727783203,0.5132812261581421,0.22509765625,0.2467975616455078,0.003064418211579323,0.33729007840156555
cifar100_with_attn_reg_sample_sim_same_1e-05_sample_sim_diff_1e-07_100_20_models.pt,0.27012521028518677,0.4478515386581421,0.18007812499999998,2.676952838897705,0.7789469718933105,3.0669634342193604
cifar100_with_attn_reg_sample_sim_same_1e-05_sample_sim_diff_1e-06_100_20_models.pt,0.26485174894332886,0.45937496423721313,0.18212890625,2.240966320037842,0.6890469551086426,2.8730082511901855
cifar100_with_attn_reg_sample_sim_same_1e-05_sample_sim_diff_1e-06_100_20_models.pt,0.3378627896308899,0.4634765386581421,0.18984374999999998,1.0760269165039062,0.4393468379974365,1.3924155235290527
cifar100_with_attn_reg_sample_sim_same_1e-05_sample_sim_diff_1e-06_100_20_models.pt,0.3939732313156128,0.49492186307907104,0.19970703125,0.0,0.0,0.0
cifar100_with_attn_reg_sample_sim_same_1e-05_sample_sim_diff_1e-06_100_20_models.pt,0.29396921396255493,0.46435546875,0.18505859375,2.28004789352417,0.7727400302886963,2.752084732055664
cifar100_with_attn_reg_sample_sim_same_1e-05_sample_sim_diff_1e-06_100_20_models.pt,0.2728954553604126,0.462890625,0.19589843750000002,2.245518207550049,0.7193572998046875,2.7303664684295654
cifar100_with_attn_reg_sample_sim_same_1e-05_sample_sim_diff_1e-05_100_20_models.pt,0.2708187699317932,0.45009762048721313,0.18544921874999998,1.873781681060791,0.6328060626983643,2.5271432399749756
cifar100_with_attn_reg_sample_sim_same_1e-05_sample_sim_diff_1e-05_100_20_models.pt,0.2700095772743225,0.44970703125,0.18154296874999998,1.9682989120483398,0.6776627540588379,2.102753162384033
cifar100_with_attn_reg_sample_sim_same_1e-05_sample_sim_diff_1e-05_100_20_models.pt,0.2506098747253418,0.4541015625,0.18671875000000004,2.413510799407959,0.6610700130462647,2.7873876094818115
cifar100_with_attn_reg_sample_sim_same_1e-05_sample_sim_diff_1e-05_100_20_models.pt,0.2731146812438965,0.4580078125,0.18613281250000002,1.8548641204833984,0.5480695247650147,2.581263542175293
cifar100_with_attn_reg_sample_sim_same_1e-05_sample_sim_diff_1e-05_100_20_models.pt,0.34355074167251587,0.4649413824081421,0.1806640625,0.1285996437072754,0.037449848651885984,0.08463764190673828
cifar100_with_attn_reg_sample_sim_same_1e-05_sample_sim_diff_0.0001_100_20_models.pt,0.27498412132263184,0.47050780057907104,0.19482421875,1.6592297554016113,0.576848840713501,1.6135249137878418
cifar100_with_attn_reg_sample_sim_same_1e-05_sample_sim_diff_0.0001_100_20_models.pt,0.2666534185409546,0.45644527673721313,0.18339843749999996,2.51975154876709,0.7635767459869385,1.9163978099822998
cifar100_with_attn_reg_sample_sim_same_1e-05_sample_sim_diff_0.0001_100_20_models.pt,0.2974967956542969,0.46181637048721313,0.18837890624999998,1.4572248458862305,0.4616288185119629,1.9058794975280762
cifar100_with_attn_reg_sample_sim_same_1e-05_sample_sim_diff_0.0001_100_20_models.pt,0.27607619762420654,0.46025389432907104,0.18105468749999998,1.4164886474609375,0.30098938941955566,1.1377984285354614
cifar100_with_attn_reg_sample_sim_same_1e-05_sample_sim_diff_0.0001_100_20_models.pt,0.38687020540237427,0.49140626192092896,0.2001953125,0.0,0.0,0.0
cifar100_with_attn_reg_sample_sim_same_1e-05_sample_sim_diff_0.001_100_20_models.pt,0.3018096685409546,0.45751953125,0.1806640625,1.187973976135254,0.32309665679931643,1.3112781047821045
cifar100_with_attn_reg_sample_sim_same_1e-05_sample_sim_diff_0.001_100_20_models.pt,0.2629743218421936,0.455078125,0.19072265624999996,2.33402156829834,0.6868850708007812,2.9502451419830322
cifar100_with_attn_reg_sample_sim_same_1e-05_sample_sim_diff_0.001_100_20_models.pt,0.30480313301086426,0.4727538824081421,0.19306640625000004,1.613034725189209,0.5645357131958008,1.7803810834884644
cifar100_with_attn_reg_sample_sim_same_1e-05_sample_sim_diff_0.001_100_20_models.pt,0.25589925050735474,0.45087891817092896,0.18886718749999998,2.5795211791992188,0.6797372817993164,2.896839141845703
cifar100_with_attn_reg_sample_sim_same_1e-05_sample_sim_diff_0.001_100_20_models.pt,0.2792171835899353,0.4609375,0.18515625000000002,2.238495349884033,0.6633027553558349,2.8453781604766846
cifar100_with_attn_reg_sample_sim_same_1e-05_sample_sim_diff_0.01_100_20_models.pt,0.25974172353744507,0.4502929449081421,0.18125000000000002,2.362119674682617,0.6216536045074463,2.5802245140075684
cifar100_with_attn_reg_sample_sim_same_1e-05_sample_sim_diff_0.01_100_20_models.pt,0.265397846698761,0.4507812261581421,0.18808593750000002,2.9177584648132324,0.8782711982727051,3.333449125289917
cifar100_with_attn_reg_sample_sim_same_1e-05_sample_sim_diff_0.01_100_20_models.pt,0.30194514989852905,0.46621090173721313,0.18593749999999998,0.9510092735290527,0.22476398944854736,1.211385726928711
cifar100_with_attn_reg_sample_sim_same_1e-05_sample_sim_diff_0.01_100_20_models.pt,0.28369343280792236,0.44609373807907104,0.17460937499999996,1.6671252250671387,0.5268784046173096,1.7169462442398071
cifar100_with_attn_reg_sample_sim_same_1e-05_sample_sim_diff_0.01_100_20_models.pt,0.2675701975822449,0.46015626192092896,0.18789062499999998,1.7725119590759277,0.49651541709899905,2.091428279876709
cifar100_with_attn_reg_sample_sim_same_1e-05_sample_sim_diff_0.1_100_20_models.pt,0.2604432702064514,0.45478516817092896,0.1875,2.396963119506836,0.7012397766113281,2.8046302795410156
cifar100_with_attn_reg_sample_sim_same_1e-05_sample_sim_diff_0.1_100_20_models.pt,0.3305285573005676,0.4615234136581421,0.17509765624999996,0.0,1.359593239153181e-36,0.0
cifar100_with_attn_reg_sample_sim_same_1e-05_sample_sim_diff_0.1_100_20_models.pt,0.27401548624038696,0.45439451932907104,0.18330078125000004,1.9757881164550781,0.47696285247802733,1.9087668657302856
cifar100_with_attn_reg_sample_sim_same_1e-05_sample_sim_diff_0.1_100_20_models.pt,0.28734058141708374,0.45937496423721313,0.18310546875,2.2469310760498047,0.6826260566711426,2.736908435821533
cifar100_with_attn_reg_sample_sim_same_1e-05_sample_sim_diff_0.1_100_20_models.pt,0.25654900074005127,0.43984371423721313,0.17949218749999996,3.082996368408203,0.7983335018157959,3.503946304321289
cifar100_with_attn_reg_sample_sim_same_0.0001_sample_sim_diff_1e-07_100_20_models.pt,0.26645010709762573,0.4527343511581421,0.1826171875,2.452087879180908,0.7163050651550293,3.006300926208496
cifar100_with_attn_reg_sample_sim_same_0.0001_sample_sim_diff_1e-07_100_20_models.pt,0.28582990169525146,0.46269530057907104,0.18613281250000002,1.2995977401733398,0.36259121894836427,1.3384885787963867
cifar100_with_attn_reg_sample_sim_same_0.0001_sample_sim_diff_1e-07_100_20_models.pt,0.2738122344017029,0.45849609375,0.18505859375,0.9653058052062988,0.40950875282287597,1.6260799169540405
cifar100_with_attn_reg_sample_sim_same_0.0001_sample_sim_diff_1e-07_100_20_models.pt,0.4106783866882324,0.49267578125,0.20283203125000004,0.0,6.59020158033479e-42,0.0
cifar100_with_attn_reg_sample_sim_same_0.0001_sample_sim_diff_1e-07_100_20_models.pt,0.28954482078552246,0.4551757574081421,0.1748046875,0.8095240592956543,0.27771944999694825,1.0553040504455566
cifar100_with_attn_reg_sample_sim_same_0.0001_sample_sim_diff_1e-06_100_20_models.pt,0.26540184020996094,0.46669918298721313,0.19189453125,1.529911994934082,0.4140919208526611,1.4396415948867798
cifar100_with_attn_reg_sample_sim_same_0.0001_sample_sim_diff_1e-06_100_20_models.pt,0.2519012689590454,0.4501953125,0.18369140625000002,2.720304012298584,0.7140407562255859,3.1068873405456543
cifar100_with_attn_reg_sample_sim_same_0.0001_sample_sim_diff_1e-06_100_20_models.pt,0.2379065752029419,0.45205074548721313,0.18271484375000002,3.1265249252319336,0.7765453338623047,3.119450569152832
cifar100_with_attn_reg_sample_sim_same_0.0001_sample_sim_diff_1e-06_100_20_models.pt,0.2568081021308899,0.4501953125,0.18232421875000004,2.435832977294922,0.714809513092041,3.040001153945923
cifar100_with_attn_reg_sample_sim_same_0.0001_sample_sim_diff_1e-06_100_20_models.pt,0.27352118492126465,0.45869141817092896,0.18662109375000002,1.8659043312072754,0.5859112739562988,2.288839101791382
cifar100_with_attn_reg_sample_sim_same_0.0001_sample_sim_diff_1e-05_100_20_models.pt,0.2631377577781677,0.45332032442092896,0.18691406249999998,2.41945743560791,0.7283065795898438,2.6547138690948486
cifar100_with_attn_reg_sample_sim_same_0.0001_sample_sim_diff_1e-05_100_20_models.pt,0.26249605417251587,0.45244139432907104,0.18427734375000004,2.944591522216797,0.7870458126068115,3.419884443283081
cifar100_with_attn_reg_sample_sim_same_0.0001_sample_sim_diff_1e-05_100_20_models.pt,0.25857383012771606,0.447265625,0.18203124999999998,2.4829139709472656,0.7470083236694336,2.631526470184326
cifar100_with_attn_reg_sample_sim_same_0.0001_sample_sim_diff_1e-05_100_20_models.pt,0.26778942346572876,0.45654296875,0.18593749999999998,2.3383312225341797,0.6994053363800049,2.661477565765381
cifar100_with_attn_reg_sample_sim_same_0.0001_sample_sim_diff_1e-05_100_20_models.pt,0.2637595534324646,0.46220701932907104,0.19072265624999996,2.7474822998046875,0.7404670715332031,2.9954373836517334
cifar100_with_attn_reg_sample_sim_same_0.0001_sample_sim_diff_0.0001_100_20_models.pt,0.2774673104286194,0.447265625,0.17861328124999998,1.8451571464538574,0.57259202003479,2.1228830814361572
cifar100_with_attn_reg_sample_sim_same_0.0001_sample_sim_diff_0.0001_100_20_models.pt,0.3383091688156128,0.48027342557907104,0.19482421875,0.6408147811889648,0.3293424129486084,0.7520304918289185
cifar100_with_attn_reg_sample_sim_same_0.0001_sample_sim_diff_0.0001_100_20_models.pt,0.26753032207489014,0.46308594942092896,0.18349609374999998,1.584233283996582,0.48291311264038084,2.0968778133392334
cifar100_with_attn_reg_sample_sim_same_0.0001_sample_sim_diff_0.0001_100_20_models.pt,0.26618701219558716,0.45751953125,0.18447265624999998,2.4915213584899902,0.7628783226013184,3.0420849323272705
cifar100_with_attn_reg_sample_sim_same_0.0001_sample_sim_diff_0.0001_100_20_models.pt,0.29420042037963867,0.45830076932907104,0.18056640624999998,1.7808246612548828,0.4944154739379883,2.5173933506011963
cifar100_with_attn_reg_sample_sim_same_0.0001_sample_sim_diff_0.001_100_20_models.pt,0.2692323327064514,0.46240234375,0.18642578124999998,2.649782657623291,0.7557703018188476,2.626368284225464
cifar100_with_attn_reg_sample_sim_same_0.0001_sample_sim_diff_0.001_100_20_models.pt,0.2555882930755615,0.44667965173721313,0.18378906250000004,2.896291732788086,0.7326202392578125,3.523447036743164
cifar100_with_attn_reg_sample_sim_same_0.0001_sample_sim_diff_0.001_100_20_models.pt,0.2614476680755615,0.44814449548721313,0.181640625,2.6956863403320312,0.6738348007202148,3.010334014892578
cifar100_with_attn_reg_sample_sim_same_0.0001_sample_sim_diff_0.001_100_20_models.pt,0.2780771851539612,0.4551757574081421,0.17763671874999998,1.5188322067260742,0.4872499942779541,1.3750874996185303
cifar100_with_attn_reg_sample_sim_same_0.0001_sample_sim_diff_0.001_100_20_models.pt,0.2687819004058838,0.45527344942092896,0.18769531250000004,2.3894996643066406,0.6883283138275147,2.2163891792297363
cifar100_with_attn_reg_sample_sim_same_0.0001_sample_sim_diff_0.01_100_20_models.pt,0.2612842917442322,0.45546871423721313,0.18720703125000004,1.8825602531433105,0.6505523681640625,2.525195360183716
cifar100_with_attn_reg_sample_sim_same_0.0001_sample_sim_diff_0.01_100_20_models.pt,0.29505741596221924,0.46083980798721313,0.19179687499999998,1.5095138549804688,0.45668621063232423,1.9028873443603516
cifar100_with_attn_reg_sample_sim_same_0.0001_sample_sim_diff_0.01_100_20_models.pt,0.26349252462387085,0.45849609375,0.18710937500000002,2.357029914855957,0.7497266292572021,2.5053913593292236
cifar100_with_attn_reg_sample_sim_same_0.0001_sample_sim_diff_0.01_100_20_models.pt,0.25971782207489014,0.45361328125,0.19687500000000002,2.8231935501098633,0.8424382209777832,3.1000659465789795
cifar100_with_attn_reg_sample_sim_same_0.0001_sample_sim_diff_0.01_100_20_models.pt,0.280831515789032,0.4639648199081421,0.19130859374999998,1.9546360969543457,0.5660292625427246,2.496048927307129
cifar100_with_attn_reg_sample_sim_same_0.0001_sample_sim_diff_0.1_100_20_models.pt,0.27470511198043823,0.44804686307907104,0.18144531249999996,2.6602163314819336,0.7980373859405517,2.734156370162964
cifar100_with_attn_reg_sample_sim_same_0.0001_sample_sim_diff_0.1_100_20_models.pt,0.2580994963645935,0.4380859136581421,0.17744140625000004,2.4884939193725586,0.6942700386047364,2.961300849914551
cifar100_with_attn_reg_sample_sim_same_0.0001_sample_sim_diff_0.1_100_20_models.pt,0.30411750078201294,0.47089844942092896,0.18906250000000002,0.0,2.11542872108339e-10,2.3252038747059482e-18
cifar100_with_attn_reg_sample_sim_same_0.0001_sample_sim_diff_0.1_100_20_models.pt,0.2655612826347351,0.44580078125,0.18476562500000004,2.1112799644470215,0.6930587291717529,2.5053062438964844
cifar100_with_attn_reg_sample_sim_same_0.0001_sample_sim_diff_0.1_100_20_models.pt,0.2668646574020386,0.45742183923721313,0.19287109375,2.2431836128234863,0.6457772254943848,2.707807779312134
cifar100_with_attn_reg_sample_sim_same_0.001_sample_sim_diff_1e-07_100_20_models.pt,0.2807995676994324,0.4599609375,0.18896484375,1.2934026718139648,0.5021683216094971,1.852567195892334
cifar100_with_attn_reg_sample_sim_same_0.001_sample_sim_diff_1e-07_100_20_models.pt,0.31689250469207764,0.45986324548721313,0.17861328124999998,0.0,4.710252912536184e-14,1.4991989114806862e-23
cifar100_with_attn_reg_sample_sim_same_0.001_sample_sim_diff_1e-07_100_20_models.pt,0.2653021812438965,0.45771485567092896,0.18710937500000002,2.323946952819824,0.6561681270599365,2.4862899780273438
cifar100_with_attn_reg_sample_sim_same_0.001_sample_sim_diff_1e-07_100_20_models.pt,0.282800555229187,0.4683593511581421,0.19169921874999996,1.1368556022644043,0.48256945610046387,1.5875924825668335
cifar100_with_attn_reg_sample_sim_same_0.001_sample_sim_diff_1e-07_100_20_models.pt,0.26232457160949707,0.45488280057907104,0.18837890624999998,2.3915510177612305,0.7040092945098877,2.8624348640441895
cifar100_with_attn_reg_sample_sim_same_0.001_sample_sim_diff_1e-06_100_20_models.pt,0.25615042448043823,0.45332032442092896,0.185546875,2.627732753753662,0.6915361881256104,2.5718460083007812
cifar100_with_attn_reg_sample_sim_same_0.001_sample_sim_diff_1e-06_100_20_models.pt,0.2783362865447998,0.46318358182907104,0.1875,2.1266112327575684,0.6779419898986816,2.372068166732788
cifar100_with_attn_reg_sample_sim_same_0.001_sample_sim_diff_1e-06_100_20_models.pt,0.33151310682296753,0.4683593511581421,0.1826171875,0.0,9.124269126914442e-07,1.2575470691444934e-06
cifar100_with_attn_reg_sample_sim_same_0.001_sample_sim_diff_1e-06_100_20_models.pt,0.297257661819458,0.447265625,0.18144531249999996,1.380298137664795,0.5380324840545654,2.0778651237487793
cifar100_with_attn_reg_sample_sim_same_0.001_sample_sim_diff_1e-06_100_20_models.pt,0.338464617729187,0.45869141817092896,0.18085937500000004,0.0,3.0037057319443106e-31,0.0
cifar100_with_attn_reg_sample_sim_same_0.001_sample_sim_diff_1e-05_100_20_models.pt,0.30465561151504517,0.45048826932907104,0.17929687500000002,1.0087623596191406,0.2283175230026245,1.1167913675308228
cifar100_with_attn_reg_sample_sim_same_0.001_sample_sim_diff_1e-05_100_20_models.pt,0.2632812261581421,0.46562498807907104,0.19462890624999996,1.9500031471252441,0.6001732349395752,2.2175705432891846
cifar100_with_attn_reg_sample_sim_same_0.001_sample_sim_diff_1e-05_100_20_models.pt,0.26902103424072266,0.4501953125,0.17705078124999996,1.556607723236084,0.5094321250915528,1.512855052947998
cifar100_with_attn_reg_sample_sim_same_0.001_sample_sim_diff_1e-05_100_20_models.pt,0.26692044734954834,0.46220701932907104,0.18115234375,1.9165048599243164,0.5810028076171875,2.500800609588623
cifar100_with_attn_reg_sample_sim_same_0.001_sample_sim_diff_1e-05_100_20_models.pt,0.5740593075752258,0.57080078125,0.259765625,0.0,0.0,0.0
cifar100_with_attn_reg_sample_sim_same_0.001_sample_sim_diff_0.0001_100_20_models.pt,0.27267223596572876,0.46328121423721313,0.19150390625000002,1.5170364379882812,0.5116656303405762,2.076404571533203
cifar100_with_attn_reg_sample_sim_same_0.001_sample_sim_diff_0.0001_100_20_models.pt,0.27126121520996094,0.4668945074081421,0.19003906250000002,1.7278385162353516,0.6325797080993653,2.3241288661956787
cifar100_with_attn_reg_sample_sim_same_0.001_sample_sim_diff_0.0001_100_20_models.pt,0.2863600254058838,0.45742183923721313,0.18291015624999996,2.3496932983398438,0.759929084777832,2.6905248165130615
cifar100_with_attn_reg_sample_sim_same_0.001_sample_sim_diff_0.0001_100_20_models.pt,0.25081318616867065,0.45644527673721313,0.19160156250000004,2.3081326484680176,0.6741187572479248,2.7043726444244385
cifar100_with_attn_reg_sample_sim_same_0.001_sample_sim_diff_0.0001_100_20_models.pt,0.3270608186721802,0.4658203125,0.18144531249999996,0.0,2.5932533073033085e-17,2.8227924421174834e-37
cifar100_with_attn_reg_sample_sim_same_0.001_sample_sim_diff_0.001_100_20_models.pt,0.2612842917442322,0.45195311307907104,0.18593749999999998,2.1297054290771484,0.6981573581695557,2.9318134784698486
cifar100_with_attn_reg_sample_sim_same_0.001_sample_sim_diff_0.001_100_20_models.pt,0.2868741750717163,0.44990235567092896,0.17705078124999996,0.763392448425293,0.3243741273880005,1.3905727863311768
cifar100_with_attn_reg_sample_sim_same_0.001_sample_sim_diff_0.001_100_20_models.pt,0.3193718194961548,0.4683593511581421,0.18564453125000002,0.15297794342041016,0.038034099340438846,0.0001388577657053247
cifar100_with_attn_reg_sample_sim_same_0.001_sample_sim_diff_0.001_100_20_models.pt,0.25726646184921265,0.4600585699081421,0.18925781249999996,2.589231014251709,0.7448388576507569,2.77156400680542
cifar100_with_attn_reg_sample_sim_same_0.001_sample_sim_diff_0.001_100_20_models.pt,0.2597735524177551,0.44257813692092896,0.17890625000000004,2.356076717376709,0.6657415866851807,2.3573741912841797
cifar100_with_attn_reg_sample_sim_same_0.001_sample_sim_diff_0.01_100_20_models.pt,0.29120296239852905,0.45556640625,0.18935546874999998,1.692598819732666,0.572550630569458,2.2796363830566406
cifar100_with_attn_reg_sample_sim_same_0.001_sample_sim_diff_0.01_100_20_models.pt,0.290844202041626,0.4659179449081421,0.18896484375,1.0388526916503906,0.40814785957336425,1.5646454095840454
cifar100_with_attn_reg_sample_sim_same_0.001_sample_sim_diff_0.01_100_20_models.pt,0.34857702255249023,0.48564451932907104,0.20273437500000002,1.827782154083252,0.8420884132385253,2.552227735519409
cifar100_with_attn_reg_sample_sim_same_0.001_sample_sim_diff_0.01_100_20_models.pt,0.30637359619140625,0.46562498807907104,0.18046874999999996,0.5270161628723145,0.14530175924301147,0.7652403712272644
cifar100_with_attn_reg_sample_sim_same_0.001_sample_sim_diff_0.01_100_20_models.pt,0.2701570391654968,0.45458984375,0.18037109375000004,1.5107612609863281,0.44968862533569337,1.7221112251281738
cifar100_with_attn_reg_sample_sim_same_0.001_sample_sim_diff_0.1_100_20_models.pt,0.3846181631088257,0.4795898199081421,0.18837890624999998,0.0,4.78223705888169e-16,8.646354127885592e-23
cifar100_with_attn_reg_sample_sim_same_0.001_sample_sim_diff_0.1_100_20_models.pt,0.25683993101119995,0.44902342557907104,0.18496093749999998,2.5564846992492676,0.7444046974182129,2.835930109024048
cifar100_with_attn_reg_sample_sim_same_0.001_sample_sim_diff_0.1_100_20_models.pt,0.25860971212387085,0.4498046636581421,0.19072265624999996,2.478292942047119,0.6841914653778076,2.232896089553833
cifar100_with_attn_reg_sample_sim_same_0.001_sample_sim_diff_0.1_100_20_models.pt,0.2612364888191223,0.4493163824081421,0.18417968750000002,2.7515244483947754,0.6929573535919189,3.0551977157592773
cifar100_with_attn_reg_sample_sim_same_0.001_sample_sim_diff_0.1_100_20_models.pt,0.2641342282295227,0.46015626192092896,0.18828124999999996,1.8051533699035645,0.5562344074249268,2.2129406929016113
new_cifar100_with_attn_reg_importance_0.2_100_20_models.pt,0.8257413953542709,0.8427734375,0.48662109374999996,0.0,4.252095794677734,4.252096176147461
new_cifar100_with_attn_reg_importance_0.2_100_20_models.pt,0.474764883518219,0.57861328125,0.2607421875,3.1689929962158203,2.1877017974853517,4.193874835968018
new_cifar100_with_attn_reg_importance_0.2_100_20_models.pt,0.40380263328552246,0.5304687023162842,0.24091796875000004,3.198904037475586,1.7704238891601562,3.9007625579833984
new_cifar100_with_attn_reg_importance_0.2_100_20_models.pt,0.5123884081840515,0.615234375,0.2982421875,2.97110652923584,2.4337741851806642,4.18894624710083
new_cifar100_with_attn_reg_importance_0.2_100_20_models.pt,0.4293965697288513,0.5380859375,0.24541015624999996,3.0682854652404785,1.897835922241211,3.8592593669891357
new_cifar100_with_attn_reg_importance_0.4_100_20_models.pt,0.510638564825058,0.61376953125,0.29658203125000004,3.090240001678467,2.363555145263672,4.144794464111328
new_cifar100_with_attn_reg_importance_0.4_100_20_models.pt,0.4577168822288513,0.5624023675918579,0.24150390624999996,3.34018611907959,2.021136474609375,4.151281356811523
new_cifar100_with_attn_reg_importance_0.4_100_20_models.pt,0.864935427904129,0.8785156011581421,0.49970703125000004,0.0,4.214656066894531,4.21465539932251
new_cifar100_with_attn_reg_importance_0.4_100_20_models.pt,0.6919762492179871,0.7372070550918579,0.38447265625000004,2.2472338676452637,3.3601070404052735,4.222713470458984
new_cifar100_with_attn_reg_importance_0.4_100_20_models.pt,0.5732541382312775,0.636523425579071,0.31132812499999996,2.9772095680236816,2.6771734237670897,4.09524393081665
new_cifar100_with_attn_reg_importance_0.6_100_20_models.pt,0.6917251348495483,0.7438476085662842,0.36992187499999996,1.887528419494629,3.4306446075439454,4.2533159255981445
new_cifar100_with_attn_reg_importance_0.6_100_20_models.pt,0.6754902899265289,0.73046875,0.37548828125,2.2208590507507324,3.3226959228515627,4.1784749031066895
new_cifar100_with_attn_reg_importance_0.6_100_20_models.pt,0.8498485386371613,0.8734375238418579,0.47734374999999996,0.0,4.278522872924805,4.2785234451293945
new_cifar100_with_attn_reg_importance_0.6_100_20_models.pt,0.5102638900279999,0.5806640386581421,0.26777343750000004,3.194800853729248,2.3245458602905273,3.8451199531555176
new_cifar100_with_attn_reg_importance_0.6_100_20_models.pt,0.843937337398529,0.8685547113418579,0.4947265625,0.0,4.260118103027343,4.260119438171387
new_cifar100_with_attn_reg_importance_0.8_100_20_models.pt,0.49179691076278687,0.5753905773162842,0.26259765625,3.2023115158081055,2.3294565200805666,4.016351699829102
new_cifar100_with_attn_reg_importance_0.8_100_20_models.pt,0.5243981182575226,0.5975586175918579,0.29443359375,3.1536636352539062,2.488728141784668,4.058803081512451
new_cifar100_with_attn_reg_importance_0.8_100_20_models.pt,0.8509207516908646,0.8700195550918579,0.48613281249999996,0.0,4.224238586425781,4.224239349365234
new_cifar100_with_attn_reg_importance_0.8_100_20_models.pt,0.6880181729793549,0.74462890625,0.36250000000000004,2.3343000411987305,3.332134246826172,4.280664920806885
new_cifar100_with_attn_reg_importance_0.8_100_20_models.pt,0.48812180757522583,0.5721679925918579,0.2666015625,3.1934399604797363,2.2063398361206055,4.010028839111328
new_cifar100_with_attn_reg_importance_1.0_100_20_models.pt,0.860459178686142,0.868359386920929,0.5490234375,0.0,4.2689861297607425,4.268986701965332
new_cifar100_with_attn_reg_importance_1.0_100_20_models.pt,0.4800263047218323,0.585253894329071,0.267578125,3.1740875244140625,2.197290802001953,4.097059726715088
new_cifar100_with_attn_reg_importance_1.0_100_20_models.pt,0.4042689800262451,0.528613269329071,0.23212890625000004,3.4418129920959473,1.6476408004760743,3.8471577167510986
new_cifar100_with_attn_reg_importance_1.0_100_20_models.pt,0.834040179848671,0.855273425579071,0.49853515625,0.0,4.283356094360352,4.283356666564941
new_cifar100_with_attn_reg_importance_1.0_100_20_models.pt,0.5266621708869934,0.59814453125,0.27314453125000004,3.0665836334228516,2.452402877807617,4.010322570800781
new_cifar100_with_attn_reg_sample_sim_same_1e-05_sample_sim_diff_1e-07_100_20_models.pt,0.49659597873687744,0.6149413585662842,0.289453125,0.0,1.594773292541504,1.5947738885879517
new_cifar100_with_attn_reg_sample_sim_same_1e-05_sample_sim_diff_1e-07_100_20_models.pt,0.4458466172218323,0.550097644329071,0.23857421874999996,1.5479559898376465,1.5805265426635742,2.6371235847473145
new_cifar100_with_attn_reg_sample_sim_same_1e-05_sample_sim_diff_1e-07_100_20_models.pt,0.31810426712036133,0.48095703125,0.20703125,2.0174264907836914,0.7640489101409912,2.9830377101898193
new_cifar100_with_attn_reg_sample_sim_same_1e-05_sample_sim_diff_1e-07_100_20_models.pt,0.44174903631210327,0.5052734613418579,0.21953124999999996,0.28913068771362305,0.08842803239822387,0.5467666983604431
new_cifar100_with_attn_reg_sample_sim_same_1e-05_sample_sim_diff_1e-07_100_20_models.pt,0.6673868298530579,0.7311522960662842,0.39970703124999996,0.0,3.061050224304199,3.061049699783325
new_cifar100_with_attn_reg_sample_sim_same_1e-05_sample_sim_diff_1e-06_100_20_models.pt,0.302562952041626,0.48994141817092896,0.21298828125000002,1.9534544944763184,0.7925959587097168,2.517354965209961
new_cifar100_with_attn_reg_sample_sim_same_1e-05_sample_sim_diff_1e-06_100_20_models.pt,0.3555126190185547,0.4849609136581421,0.20234375000000004,1.0097713470458984,0.5300222873687744,1.1647393703460693
new_cifar100_with_attn_reg_sample_sim_same_1e-05_sample_sim_diff_1e-06_100_20_models.pt,0.3990991711616516,0.49169921875,0.20029296875000002,0.0,1.0242498319712468e-06,1.0901820814979146e-06
new_cifar100_with_attn_reg_sample_sim_same_1e-05_sample_sim_diff_1e-06_100_20_models.pt,0.5869379639625549,0.6650390625,0.35732421875,0.0,2.5097019195556642,2.5097007751464844
new_cifar100_with_attn_reg_sample_sim_same_1e-05_sample_sim_diff_1e-06_100_20_models.pt,0.5975247323513031,0.685546875,0.36298828125000004,0.0,2.6866296768188476,2.686628580093384
new_cifar100_with_attn_reg_sample_sim_same_1e-05_sample_sim_diff_1e-05_100_20_models.pt,0.3687938451766968,0.5137695074081421,0.21650390625000004,1.467820167541504,1.1307090759277343,2.397956132888794
new_cifar100_with_attn_reg_sample_sim_same_1e-05_sample_sim_diff_1e-05_100_20_models.pt,0.3590680956840515,0.50634765625,0.21113281250000004,1.425367832183838,0.9332869529724122,2.3525569438934326
new_cifar100_with_attn_reg_sample_sim_same_1e-05_sample_sim_diff_1e-05_100_20_models.pt,0.32985496520996094,0.4961913824081421,0.2197265625,2.1714062690734863,1.043045997619629,2.888587236404419
new_cifar100_with_attn_reg_sample_sim_same_1e-05_sample_sim_diff_1e-05_100_20_models.pt,0.3661671280860901,0.505859375,0.21835937500000002,1.3116793632507324,0.9325897216796875,1.9592406749725342
new_cifar100_with_attn_reg_sample_sim_same_1e-05_sample_sim_diff_1e-05_100_20_models.pt,0.3603236675262451,0.47216796875,0.18632812499999996,0.0,1.6041170941474142e-14,3.613612224274092e-16
new_cifar100_with_attn_reg_sample_sim_same_1e-05_sample_sim_diff_0.0001_100_20_models.pt,0.5026865601539612,0.6036132574081421,0.31132812499999996,0.0,2.027678871154785,2.0276784896850586
new_cifar100_with_attn_reg_sample_sim_same_1e-05_sample_sim_diff_0.0001_100_20_models.pt,0.6467315256595612,0.7259765863418579,0.37421875000000004,0.0,2.9344175338745115,2.9344165325164795
new_cifar100_with_attn_reg_sample_sim_same_1e-05_sample_sim_diff_0.0001_100_20_models.pt,0.5171436369419098,0.6231445074081421,0.292578125,0.0,1.5985956192016602,1.598596215248108
new_cifar100_with_attn_reg_sample_sim_same_1e-05_sample_sim_diff_0.0001_100_20_models.pt,0.47812503576278687,0.5923827886581421,0.28193359375000004,0.0,1.414332389831543,1.4143319129943848
new_cifar100_with_attn_reg_sample_sim_same_1e-05_sample_sim_diff_0.0001_100_20_models.pt,0.38973212242126465,0.48710936307907104,0.19570312499999998,0.0,1.2286303918696007e-11,1.0718767453482547e-12
new_cifar100_with_attn_reg_sample_sim_same_1e-05_sample_sim_diff_0.001_100_20_models.pt,0.3399195075035095,0.46562498807907104,0.18642578124999998,0.984687328338623,0.503048038482666,1.1817693710327148
new_cifar100_with_attn_reg_sample_sim_same_1e-05_sample_sim_diff_0.001_100_20_models.pt,0.6295799016952515,0.70458984375,0.374609375,0.0,2.73624210357666,2.736241102218628
new_cifar100_with_attn_reg_sample_sim_same_1e-05_sample_sim_diff_0.001_100_20_models.pt,0.35343194007873535,0.4970703125,0.21435546875,1.33491849899292,0.8113223075866699,1.5939457416534424
new_cifar100_with_attn_reg_sample_sim_same_1e-05_sample_sim_diff_0.001_100_20_models.pt,0.32615989446640015,0.49755859375,0.2119140625,2.274703025817871,1.021953010559082,2.9625768661499023
new_cifar100_with_attn_reg_sample_sim_same_1e-05_sample_sim_diff_0.001_100_20_models.pt,0.34543609619140625,0.49091798067092896,0.20576171875000004,1.9707999229431152,1.0060089111328125,2.546721935272217
new_cifar100_with_attn_reg_sample_sim_same_1e-05_sample_sim_diff_0.01_100_20_models.pt,0.5947863459587097,0.680957019329071,0.3701171875,0.0,2.6929908752441407,2.6929898262023926
new_cifar100_with_attn_reg_sample_sim_same_1e-05_sample_sim_diff_0.01_100_20_models.pt,0.32370853424072266,0.49013668298721313,0.21337890625,2.646463394165039,1.1077373504638672,3.0915818214416504
new_cifar100_with_attn_reg_sample_sim_same_1e-05_sample_sim_diff_0.01_100_20_models.pt,0.4313018321990967,0.5494140386581421,0.24296874999999996,0.0,0.8024827003479004,0.8024830222129822
new_cifar100_with_attn_reg_sample_sim_same_1e-05_sample_sim_diff_0.01_100_20_models.pt,0.47897404432296753,0.588671863079071,0.306640625,0.0,1.549507236480713,1.5495073795318604
new_cifar100_with_attn_reg_sample_sim_same_1e-05_sample_sim_diff_0.01_100_20_models.pt,0.3001594543457031,0.46552735567092896,0.19316406249999996,1.5256943702697754,0.617357587814331,2.1062018871307373
new_cifar100_with_attn_reg_sample_sim_same_1e-05_sample_sim_diff_0.1_100_20_models.pt,0.2888791561126709,0.47451168298721313,0.19521484374999998,2.2273240089416504,0.7515441417694092,2.827925205230713
new_cifar100_with_attn_reg_sample_sim_same_1e-05_sample_sim_diff_0.1_100_20_models.pt,0.3356425166130066,0.45751953125,0.17519531249999998,0.0,8.409060774094978e-13,8.372126505517413e-14
new_cifar100_with_attn_reg_sample_sim_same_1e-05_sample_sim_diff_0.1_100_20_models.pt,0.3270608186721802,0.4869140386581421,0.20585937499999996,1.5790963172912598,0.6383995056152344,2.419389486312866
new_cifar100_with_attn_reg_sample_sim_same_1e-05_sample_sim_diff_0.1_100_20_models.pt,0.6362484097480774,0.694628894329071,0.37128906250000004,0.0,2.667841148376465,2.667842388153076
new_cifar100_with_attn_reg_sample_sim_same_1e-05_sample_sim_diff_0.1_100_20_models.pt,0.35727041959762573,0.504687488079071,0.22109374999999998,2.6926631927490234,1.2150266647338868,3.057455062866211
new_cifar100_with_attn_reg_sample_sim_same_0.0001_sample_sim_diff_1e-07_100_20_models.pt,0.6469467282295227,0.7235351800918579,0.37099609375,0.0,2.7922800064086912,2.7922792434692383
new_cifar100_with_attn_reg_sample_sim_same_0.0001_sample_sim_diff_1e-07_100_20_models.pt,0.31314176321029663,0.48193359375,0.20058593749999998,1.1428136825561523,0.4442552089691162,1.052396297454834
new_cifar100_with_attn_reg_sample_sim_same_0.0001_sample_sim_diff_1e-07_100_20_models.pt,0.4095982313156128,0.53857421875,0.26025390625,0.0,1.042564296722412,1.042563796043396
new_cifar100_with_attn_reg_sample_sim_same_0.0001_sample_sim_diff_1e-07_100_20_models.pt,0.4098334312438965,0.48662108182907104,0.20302734374999998,0.0,8.657346607988147e-21,1.9092080576450937e-27
new_cifar100_with_attn_reg_sample_sim_same_0.0001_sample_sim_diff_1e-07_100_20_models.pt,0.40810346603393555,0.529101550579071,0.24042968750000004,0.0,0.822293758392334,0.8222932815551758
new_cifar100_with_attn_reg_sample_sim_same_0.0001_sample_sim_diff_1e-06_100_20_models.pt,0.2728595733642578,0.46796876192092896,0.19716796874999998,1.4060583114624023,0.43934926986694334,1.725674033164978
new_cifar100_with_attn_reg_sample_sim_same_0.0001_sample_sim_diff_1e-06_100_20_models.pt,0.35167014598846436,0.5137695074081421,0.23164062500000004,2.225338935852051,1.1972257614135742,3.1825056076049805
new_cifar100_with_attn_reg_sample_sim_same_0.0001_sample_sim_diff_1e-06_100_20_models.pt,0.2869938015937805,0.501757800579071,0.21484375,2.932046413421631,0.9550792694091796,3.301757574081421
new_cifar100_with_attn_reg_sample_sim_same_0.0001_sample_sim_diff_1e-06_100_20_models.pt,0.6302056610584259,0.7222656011581421,0.36923828125,0.0,2.812280464172363,2.8122808933258057
new_cifar100_with_attn_reg_sample_sim_same_0.0001_sample_sim_diff_1e-06_100_20_models.pt,0.558892697095871,0.6495116949081421,0.3251953125,0.0,2.1859180450439455,2.185917377471924
new_cifar100_with_attn_reg_sample_sim_same_0.0001_sample_sim_diff_1e-05_100_20_models.pt,0.35998886823654175,0.508105456829071,0.21816406249999998,2.0320191383361816,1.10421781539917,2.827202320098877
new_cifar100_with_attn_reg_sample_sim_same_0.0001_sample_sim_diff_1e-05_100_20_models.pt,0.4306042790412903,0.559374988079071,0.2513671875,2.312645435333252,1.7204170227050781,3.1824257373809814
new_cifar100_with_attn_reg_sample_sim_same_0.0001_sample_sim_diff_1e-05_100_20_models.pt,0.6586973965167999,0.7282226085662842,0.37880859375,0.0,3.0382768630981447,3.0382773876190186
new_cifar100_with_attn_reg_sample_sim_same_0.0001_sample_sim_diff_1e-05_100_20_models.pt,0.3215402364730835,0.4805663824081421,0.20341796874999996,1.9995036125183105,0.9127718925476074,2.5347118377685547
new_cifar100_with_attn_reg_sample_sim_same_0.0001_sample_sim_diff_1e-05_100_20_models.pt,0.42057955265045166,0.55615234375,0.26025390625,1.9371323585510254,1.5649089813232422,3.0201327800750732
new_cifar100_with_attn_reg_sample_sim_same_0.0001_sample_sim_diff_0.0001_100_20_models.pt,0.5535634458065033,0.6397460699081421,0.32431640625,0.0,2.0343523025512695,2.0343525409698486
new_cifar100_with_attn_reg_sample_sim_same_0.0001_sample_sim_diff_0.0001_100_20_models.pt,0.4303172826766968,0.5272461175918579,0.22832031249999996,0.0,0.7831039905548096,0.783103883266449
new_cifar100_with_attn_reg_sample_sim_same_0.0001_sample_sim_diff_0.0001_100_20_models.pt,0.4778141379356384,0.600390613079071,0.31591796875,0.0,1.9061811447143555,1.9061808586120605
new_cifar100_with_attn_reg_sample_sim_same_0.0001_sample_sim_diff_0.0001_100_20_models.pt,0.6379982233047485,0.7125976085662842,0.3876953125,0.0,2.9502710342407226,2.950270175933838
new_cifar100_with_attn_reg_sample_sim_same_0.0001_sample_sim_diff_0.0001_100_20_models.pt,0.3440210819244385,0.48916012048721313,0.203125,1.5247082710266113,0.6939319610595703,1.4218406677246094
new_cifar100_with_attn_reg_sample_sim_same_0.0001_sample_sim_diff_0.001_100_20_models.pt,0.3638033866882324,0.513964831829071,0.22265625,2.1552038192749023,1.1891422271728516,2.7024197578430176
new_cifar100_with_attn_reg_sample_sim_same_0.0001_sample_sim_diff_0.001_100_20_models.pt,0.7167530357837677,0.7681640386581421,0.44550781250000004,0.0,3.400972366333008,3.4009735584259033
new_cifar100_with_attn_reg_sample_sim_same_0.0001_sample_sim_diff_0.001_100_20_models.pt,0.32987087965011597,0.4903320074081421,0.21367187499999996,2.339313507080078,0.9608331680297851,2.707235336303711
new_cifar100_with_attn_reg_sample_sim_same_0.0001_sample_sim_diff_0.001_100_20_models.pt,0.49036192893981934,0.58984375,0.2998046875,0.0,1.5298117637634276,1.5298117399215698
new_cifar100_with_attn_reg_sample_sim_same_0.0001_sample_sim_diff_0.001_100_20_models.pt,0.31405454874038696,0.49638670682907104,0.21347656250000002,2.115591049194336,0.8978124618530273,2.647780418395996
new_cifar100_with_attn_reg_sample_sim_same_0.0001_sample_sim_diff_0.01_100_20_models.pt,0.5723373591899872,0.6686522960662842,0.32197265625000004,0.0,2.3656133651733398,2.365612268447876
new_cifar100_with_attn_reg_sample_sim_same_0.0001_sample_sim_diff_0.01_100_20_models.pt,0.3402303457260132,0.48750001192092896,0.21142578125,1.2775611877441406,0.7179995059967041,1.9035453796386719
new_cifar100_with_attn_reg_sample_sim_same_0.0001_sample_sim_diff_0.01_100_20_models.pt,0.3380022644996643,0.5189453363418579,0.22519531250000002,2.0310850143432617,1.0308096885681153,2.532125473022461
new_cifar100_with_attn_reg_sample_sim_same_0.0001_sample_sim_diff_0.01_100_20_models.pt,0.44745296239852905,0.578417956829071,0.27353515625,2.0928802490234375,1.8274154663085938,3.270089626312256
new_cifar100_with_attn_reg_sample_sim_same_0.0001_sample_sim_diff_0.01_100_20_models.pt,0.571077823638916,0.6622070074081421,0.348046875,0.0,2.1183845520019533,2.1183838844299316
new_cifar100_with_attn_reg_sample_sim_same_0.0001_sample_sim_diff_0.1_100_20_models.pt,0.5391382575035095,0.646777331829071,0.3099609375,0.9228386878967285,2.020852470397949,3.057138442993164
new_cifar100_with_attn_reg_sample_sim_same_0.0001_sample_sim_diff_0.1_100_20_models.pt,0.33207112550735474,0.5,0.22050781249999996,2.0950851440429688,1.0143163681030274,2.8323357105255127
new_cifar100_with_attn_reg_sample_sim_same_0.0001_sample_sim_diff_0.1_100_20_models.pt,0.3075813055038452,0.46699219942092896,0.18583984374999996,0.0,8.955236843619331e-23,2.144170483184118e-23
new_cifar100_with_attn_reg_sample_sim_same_0.0001_sample_sim_diff_0.1_100_20_models.pt,0.4001554250717163,0.5291992425918579,0.22666015625000002,1.5809111595153809,1.3513352394104003,2.590785026550293
new_cifar100_with_attn_reg_sample_sim_same_0.0001_sample_sim_diff_0.1_100_20_models.pt,0.3320233225822449,0.49941402673721313,0.21835937500000002,1.8731684684753418,0.9167228698730469,2.692666530609131
new_cifar100_with_attn_reg_sample_sim_same_0.001_sample_sim_diff_1e-07_100_20_models.pt,0.34536033868789673,0.4913085699081421,0.20390624999999996,1.096177101135254,0.8618061065673828,1.7980977296829224
new_cifar100_with_attn_reg_sample_sim_same_0.001_sample_sim_diff_1e-07_100_20_models.pt,0.3162508010864258,0.44902342557907104,0.17763671874999998,0.0,4.7116627266419184e-11,1.3416990608805524e-11
new_cifar100_with_attn_reg_sample_sim_same_0.001_sample_sim_diff_1e-07_100_20_models.pt,0.6343391239643097,0.7121093273162842,0.35205078125,0.0,2.736160469055176,2.7361607551574707
new_cifar100_with_attn_reg_sample_sim_same_0.001_sample_sim_diff_1e-07_100_20_models.pt,0.3606983423233032,0.5148437023162842,0.21718749999999998,0.5181713104248047,0.7758800506591796,1.2369641065597534
new_cifar100_with_attn_reg_sample_sim_same_0.001_sample_sim_diff_1e-07_100_20_models.pt,0.3479313254356384,0.509082019329071,0.21503906250000004,2.026024341583252,1.0637259483337402,2.5743770599365234
new_cifar100_with_attn_reg_sample_sim_same_0.001_sample_sim_diff_1e-06_100_20_models.pt,0.3065250515937805,0.48164063692092896,0.19843750000000004,2.4225358963012695,0.9611331939697265,3.113335132598877
new_cifar100_with_attn_reg_sample_sim_same_0.001_sample_sim_diff_1e-06_100_20_models.pt,0.5793726146221161,0.6573241949081421,0.353515625,0.0,2.6085813522338865,2.6085808277130127
new_cifar100_with_attn_reg_sample_sim_same_0.001_sample_sim_diff_1e-06_100_20_models.pt,0.3328603506088257,0.466796875,0.18203124999999998,0.0,5.554120396022641e-16,6.966886523016635e-18
new_cifar100_with_attn_reg_sample_sim_same_0.001_sample_sim_diff_1e-06_100_20_models.pt,0.32435429096221924,0.4716796875,0.19013671875000004,1.216939926147461,0.5621528148651123,1.170762300491333
new_cifar100_with_attn_reg_sample_sim_same_0.001_sample_sim_diff_1e-06_100_20_models.pt,0.34262198209762573,0.46230465173721313,0.177734375,0.0,4.6110097962070994e-10,9.980693355116088e-11
new_cifar100_with_attn_reg_sample_sim_same_0.001_sample_sim_diff_1e-05_100_20_models.pt,0.3256935477256775,0.46513670682907104,0.18740234374999998,0.8740291595458984,0.23755066394805907,0.7332229614257812
new_cifar100_with_attn_reg_sample_sim_same_0.001_sample_sim_diff_1e-05_100_20_models.pt,0.3122807741165161,0.49892574548721313,0.22001953124999996,1.7421879768371582,0.7848714828491211,2.35711932182312
new_cifar100_with_attn_reg_sample_sim_same_0.001_sample_sim_diff_1e-05_100_20_models.pt,0.5211416184902191,0.6168944835662842,0.28408203125,0.0,1.7660249710083007,1.7660247087478638
new_cifar100_with_attn_reg_sample_sim_same_0.001_sample_sim_diff_1e-05_100_20_models.pt,0.34848934412002563,0.5060546398162842,0.21435546875,1.6403560638427734,1.0113595008850098,2.4773712158203125
new_cifar100_with_attn_reg_sample_sim_same_0.001_sample_sim_diff_1e-05_100_20_models.pt,0.5757294595241547,0.5705077648162842,0.25986328125,0.0,0.17267657518386842,0.23976700007915497
new_cifar100_with_attn_reg_sample_sim_same_0.001_sample_sim_diff_0.0001_100_20_models.pt,0.4632413983345032,0.5846679210662842,0.27939453125,0.0,1.657516098022461,1.6575154066085815
new_cifar100_with_attn_reg_sample_sim_same_0.001_sample_sim_diff_0.0001_100_20_models.pt,0.5526745915412903,0.6737304925918579,0.30908203125,0.0,2.244101715087891,2.244100570678711
new_cifar100_with_attn_reg_sample_sim_same_0.001_sample_sim_diff_0.0001_100_20_models.pt,0.3532286286354065,0.5010741949081421,0.20859375000000002,2.025369644165039,1.0892664909362793,2.7961854934692383
new_cifar100_with_attn_reg_sample_sim_same_0.001_sample_sim_diff_0.0001_100_20_models.pt,0.325769305229187,0.5006835460662842,0.21562499999999996,1.9343452453613281,0.9950529098510742,2.218841075897217
new_cifar100_with_attn_reg_sample_sim_same_0.001_sample_sim_diff_0.0001_100_20_models.pt,0.3273278474807739,0.46416014432907104,0.18037109375000004,0.0,3.786222992563539e-30,4.6095567460433195e-31
new_cifar100_with_attn_reg_sample_sim_same_0.001_sample_sim_diff_0.001_100_20_models.pt,0.3467394709587097,0.5111328363418579,0.22265625,1.6146273612976074,1.0503074645996093,2.6469919681549072
new_cifar100_with_attn_reg_sample_sim_same_0.001_sample_sim_diff_0.001_100_20_models.pt,0.304440438747406,0.46748048067092896,0.18769531250000004,0.6266822814941406,0.37320647239685056,1.2207705974578857
new_cifar100_with_attn_reg_sample_sim_same_0.001_sample_sim_diff_0.001_100_20_models.pt,0.3364756107330322,0.47597652673721313,0.19091796875,0.0,8.799975331763577e-12,3.6868567514099476e-16
new_cifar100_with_attn_reg_sample_sim_same_0.001_sample_sim_diff_0.001_100_20_models.pt,0.29433995485305786,0.49287110567092896,0.21601562500000004,2.3309402465820312,0.9034910202026367,2.8665530681610107
new_cifar100_with_attn_reg_sample_sim_same_0.001_sample_sim_diff_0.001_100_20_models.pt,0.30497854948043823,0.46953123807907104,0.18564453125000002,2.2740726470947266,0.8671102523803711,2.4245424270629883
new_cifar100_with_attn_reg_sample_sim_same_0.001_sample_sim_diff_0.01_100_20_models.pt,0.5466677248477936,0.6474609375,0.2875,0.0,1.9361751556396485,1.9361751079559326
new_cifar100_with_attn_reg_sample_sim_same_0.001_sample_sim_diff_0.01_100_20_models.pt,0.3215840458869934,0.4833984375,0.19443359375000002,0.8164825439453125,0.4957424163818359,1.3006750345230103
new_cifar100_with_attn_reg_sample_sim_same_0.001_sample_sim_diff_0.01_100_20_models.pt,0.38606107234954834,0.511523425579071,0.21767578124999998,1.6896448135375977,1.0150461196899414,2.560016393661499
new_cifar100_with_attn_reg_sample_sim_same_0.001_sample_sim_diff_0.01_100_20_models.pt,0.3109733462333679,0.4737304449081421,0.1865234375,0.45122671127319336,0.13613132238388062,0.5692262053489685
new_cifar100_with_attn_reg_sample_sim_same_0.001_sample_sim_diff_0.01_100_20_models.pt,0.344323992729187,0.49951171875,0.21445312500000002,1.058253288269043,0.7778221607208252,1.4969501495361328
new_cifar100_with_attn_reg_sample_sim_same_0.001_sample_sim_diff_0.1_100_20_models.pt,0.3888791799545288,0.48046875,0.18349609374999998,0.0,1.834104523368296e-07,5.690638431588013e-07
new_cifar100_with_attn_reg_sample_sim_same_0.001_sample_sim_diff_0.1_100_20_models.pt,0.6503627300262451,0.717578113079071,0.378515625,0.0,2.9255809783935547,2.925579309463501
new_cifar100_with_attn_reg_sample_sim_same_0.001_sample_sim_diff_0.1_100_20_models.pt,0.33751988410949707,0.5062500238418579,0.22294921874999996,2.0870041847229004,1.0520713806152344,2.9347128868103027
new_cifar100_with_attn_reg_sample_sim_same_0.001_sample_sim_diff_0.1_100_20_models.pt,0.7106146514415741,0.7684570550918579,0.4076171875,0.0,3.169097328186035,3.1690962314605713
new_cifar100_with_attn_reg_sample_sim_same_0.001_sample_sim_diff_0.1_100_20_models.pt,0.30390626192092896,0.48115235567092896,0.20419921875000002,1.5429329872131348,0.6871928691864013,2.2816691398620605
